sample_name,study,target,genotype,batch,protocol,organism,fastq1,fastq2,read_type,read1,read2
IgG,Eugenio.Arl14ep,IgG,wt,1,CT,mouse,GS1584_ES_CT_WT26_p43_IgG_TAAGGCGA_GCGATCTA_1.fastq.gz,GS1584_ES_CT_WT26_p43_IgG_TAAGGCGA_GCGATCTA_2.fastq.gz,paired,R1,R2
H3K27me3.wt.r1,Eugenio.Arl14ep,H3K27me3,wt,1,CT,mouse,GS1585_ES_CT_WT26_p43_H3K27me3_CGTACTAG_ATAGAGAG_1.fastq.gz,GS1585_ES_CT_WT26_p43_H3K27me3_CGTACTAG_ATAGAGAG_2.fastq.gz,paired,R1,R2
H3K9me3.wt.r1,Eugenio.Arl14ep,H3K9me3,wt,1,CT,mouse,GS1586_ES_CT_WT26_p43_H3K9me3_AGGCAGAA_AGAGGATA_1.fastq.gz,GS1586_ES_CT_WT26_p43_H3K9me3_AGGCAGAA_AGAGGATA_2.fastq.gz,paired,R1,R2
H3K9me3.wt.r2,Eugenio.Arl14ep,H3K9me3,wt,1,CT,mouse,GS1589_ES_CT_WT26_p54_H3K9me3_TAGGCATG_TATGCAGT_1.fastq.gz,GS1589_ES_CT_WT26_p54_H3K9me3_TAGGCATG_TATGCAGT_2.fastq.gz,paired,R1,R2
H3K9me3.wt.r3,Eugenio.Arl14ep,H3K9me3,wt,1,CT,mouse,GS1590_ES_CT_WT26_p66_H3K9me3_CTCTCTAC_TACTCCTT_1.fastq.gz,GS1590_ES_CT_WT26_p66_H3K9me3_CTCTCTAC_TACTCCTT_2.fastq.gz,paired,R1,R2
H3K9me3.ko.r1,Eugenio.Arl14ep,H3K9me3,ko,1,CT,mouse,GS1587_ES_CT_KO56-6_H3K9me3_TCCTGAGC_TCTACTCT_1.fastq.gz,GS1587_ES_CT_KO56-6_H3K9me3_TCCTGAGC_TCTACTCT_2.fastq.gz,paired,R1,R2
H3K9me3.ko.r2,Eugenio.Arl14ep,H3K9me3,ko,1,CT,mouse,GS1591_ES_CT_KO56-3_H3K9me3_CAGAGAGG_AGGCTTAG_1.fastq.gz,GS1591_ES_CT_KO56-3_H3K9me3_CAGAGAGG_AGGCTTAG_2.fastq.gz,paired,R1,R2
H3K9me3.ko.r3,Eugenio.Arl14ep,H3K9me3,ko,1,CT,mouse,GS1592_ES_CT_KO56-24_H3K9me3_GCTACGCT_GATTTCCA_1.fastq.gz,GS1592_ES_CT_KO56-24_H3K9me3_GCTACGCT_GATTTCCA_2.fastq.gz,paired,R1,R2
H3K9me3.res.r1,Eugenio.Arl14ep,H3K9me3,res,1,CT,mouse,GS1588_ES_CT_T253-8_H3K9me3_GGACTCCT_CTCCTTAC_1.fastq.gz,GS1588_ES_CT_T253-8_H3K9me3_GGACTCCT_CTCCTTAC_2.fastq.gz,paired,R1,R2
H3K9me3.res.r2,Eugenio.Arl14ep,H3K9me3,res,1,CT,mouse,GS1593_ES_CT_T253-10_H3K9me3_CGAGGCTG_ATCATGTT_1.fastq.gz,GS1593_ES_CT_T253-10_H3K9me3_CGAGGCTG_ATCATGTT_2.fastq.gz,paired,R1,R2
H3K9me3.res.r3,Eugenio.Arl14ep,H3K9me3,res,1,CT,mouse,GS1594_ES_CT_T253-12_H3K9me3_AAGAGGCA_TTTCATCA_1.fastq.gz,GS1594_ES_CT_T253-12_H3K9me3_AAGAGGCA_TTTCATCA_2.fastq.gz,paired,R1,R2
